"PIDN","Ca","P","pH","SOC","Sand"
"09gt9UK5",-0.460368729669978,-0.239185859927877,-0.580361150197268,-0.687767212785992,0.786119084413913
"0BVvxJ6a",0.585477654379911,0.272204363395644,0.536980231421551,-0.402027282675188,-1.13327172829084
"0KbdgApg",-0.14202621996316,0.0676796959766507,0.2074649627881,0.0125479184885363,-0.563563756618372
"0MnuuduB",-0.143309344793564,0.0765337756130276,-0.0272220157633424,0.812979100829732,-0.865492636080912
"0PcIsF9z",-0.43806745394606,-0.483053727159421,-1.40852907859202,0.323722818782961,-0.324729829509103
"0ShTFLYJ",-0.783674546766493,-0.49915464788936,-0.281869880766113,-0.779213875774669,0.331762458624376
"0XZh9jka",-0.508503068355227,0.106597070417496,-0.703297583089021,1.35411725976864,-0.632826951602211
"0Y7Wegri",-0.298901412117751,0.604851631052166,0.72122727792774,-0.394825973973088,0.153272928983091
"0dTqplIM",-0.0252711004829541,0.118578461674592,0.474688765387922,0.257881082293377,-0.912330576587157
"0lNiZicC",-0.5526659384159,-0.472250383738219,-0.718141643447872,-0.463952157772629,-0.373928071095661
"0rGeJ0QN",-0.627801909653561,0.0754620435552756,-0.453600310431774,0.00298228121907768,0.485077940710445
"0sXI9ytQ",-0.552188611654296,-0.180744843269894,-0.396355423421699,-0.75340196825945,1.47029752727843
"0ukt4aP6",0.264900264667912,-0.24737982073388,0.628548175956318,-0.0190627192188928,0.0674002369243937
"1AGspb8f",-0.689085222364674,-0.0963089181199953,-0.878146540639074,0.172658184331769,-0.623526613316017
"1Csy0gvE",-0.51838194421548,-0.0652588627956313,-0.220715549476664,-0.65346813669858,0.764641674314234
"1Ic2hly1",-0.136521868294129,0.383365233486544,-0.227522169464284,0.0309243241141023,0.462985360175399
"1PPbaTwt",-0.449463467503787,-0.16789371619189,-0.191224896323806,-0.767346392547855,0.251986435319014
"1SO5VJNy",-0.513060433967681,0.00744280919058761,-0.0985430961216828,-0.73775408188805,0.916835247531113
"1arHxK3Y",0.646469719682036,0.359320944161919,1.13846377525718,0.568822694140164,-0.185545602614284
"1fCW4Bba",-0.0682560354614085,0.0150369480178777,0.267767297862898,-0.425463724207603,0.652395257760916
"1qDZNvIm",-0.624559880635874,-0.0150374310312949,-0.203627406721036,-1.05916868466277,1.40049148342762
"28LYJC2V",-0.462186128725998,0.0827854228964244,-0.661980627941665,0.491779827045989,-0.250373606433056
"2CzACvQq",0.539105211792697,0.729526236809763,1.54048196824183,-0.33242601651793,-0.207925457727774
"2FT3crfv",-0.356623635895169,-0.169877146901546,-0.0953347960979835,0.196126157897929,-0.606490981760322
"2Fy2uHVg",-0.445712938692973,-0.492020362852866,-0.406900801232767,-0.85618647650186,-0.121997192625884
"2MkMEApm",-0.384798833825072,0.165825731029551,0.276274794854772,-0.907298649848674,1.15429604686911
"2NDGWEOe",0.723688710103512,0.359568013412853,1.37378197557449,-0.0882468654275093,-0.403203361951546
"2NyyCiqn",-0.419002043422816,0.129411123112561,0.0677905608325698,-0.691309119251029,0.936863700064996
"2QRzIb84",0.209681964694116,0.653833192380697,1.54802712177129,-0.602514695489615,0.333208879197535
"2QcbdrUZ",-0.382274282668651,0.265414297324188,-0.125103578003509,-0.469996446419103,0.849466626512618
"2YgAimWK",-0.242681563449558,-0.0196409945490756,0.206095560840077,-0.613327315525506,0.787358205172765
"2cx85d9H",-0.0051584022893479,-0.0301234688241324,0.112697834050556,0.0524443100022302,-0.892626660136261
"2homMXMV",-0.312462936064364,-0.0597733866765623,-0.854346307454221,0.162901537732258,0.117436263250494
"2ldLrUtq",-0.650152180238029,-0.362412821111581,-0.652657967471014,-0.573583088398268,-0.648998747022882
"2nsACW6G",-0.465965372922481,-0.0743737509259017,-1.40270682945999,1.30765515225176,-1.46172633101276
"2yMbVnWc",-0.0165488924528044,0.534430382049828,-0.31563036694539,1.34102232341026,0.167595947084635
"36r8sgGQ",-0.469059853889876,-0.15711326233974,-0.164203088748474,-0.998130141280279,0.797720586677687
"3NXAXCl3",-0.447890555841419,-0.327066358721038,-1.20812775243838,0.649610662595873,-1.0874058247637
"3QG0z6fl",-0.576409507918448,-0.22878874646763,-0.337815147923223,-0.73962492024034,0.249302535690616
"3WS8R9qm",-0.393260825970667,0.264010780071381,-0.997676004196027,2.10753553775666,-1.32579785303202
"3fRLm8f5",-0.327680734504633,-0.228639704411743,-0.833966811814563,0.258647308186384,0.129260128148243
"3mZhp1nQ",-0.514538471769593,0.105144225401647,-0.252243995627209,-0.582930863884523,0.790600015277015
"3pikJXRL",-0.590488784278214,-0.141152960774727,-1.23408235132424,0.733874663648398,-0.904566144212337
"3pxOEGHL",-0.485332726303345,-0.14453846682213,-0.164527834791132,-1.09559596736888,0.89411338951612
"3ttdV3f5",-0.664987159393179,0.381609959340195,-0.459654442697037,-0.709250605299801,0.216189184914806
"3v4X6Mfe",0.467825241758328,-0.290592508364171,0.988479089933105,-0.350976350803223,-0.345766671558131
"3wORuPiv",-0.464352246320432,0.0349489033255837,-0.536963256805587,-0.148867545945992,-0.733454637174025
"43EfrxZj",0.00527233628667737,0.0167702036892076,0.0519383151302247,0.492557431263481,-0.502946072961493
"457Vwm21",0.0439273101517243,0.435051163094086,0.736301454274275,0.1363449501238,-0.473537132491906
"46KNnOdx",-0.447024222732164,-0.0336296626880868,-0.844847775513629,-0.143027610185032,0.0529760549297141
"47TwNsVC",-0.515378873632592,-0.298159698310682,-1.53558357786161,1.17527330757937,-1.51970112027218
"49856RpO",-0.632795495755875,-0.481975704007436,-1.03056167454882,-0.222450015192008,-0.527303043906744
"4Ane1o2N",-0.553786523196263,-0.143889738866832,-0.326416637801689,-0.506621493942365,0.263834146070552
"4AyVUgSc",-0.59436403009869,-0.550943646435683,-0.38981678381236,-0.588482034787168,-0.145633240383777
"4B1951On",-0.370347904038527,-0.290426869714795,-0.209073553127982,-0.0518041469755814,-0.342065737606496
"4OL39Teo",-0.0198670161244583,0.162922270018674,0.12917517761869,0.455131393069754,-0.286025585690725
"4eQ90eLY",-0.312880403287395,0.0855785293554062,-0.125189589545283,0.681169621687874,-0.452835354317988
"4o5jwMj8",-0.439255671744508,-0.238867268397819,0.0262774436383372,-0.843369870369723,0.215538303252307
"4vPgpl2c",-0.424262468914244,-0.07219999219626,-0.248957224878037,-0.568759332129861,0.340254778519082
"51r9aA0d",-0.680063520130218,-0.533855449776638,-0.124816373749588,-0.887915799628025,-0.138758007314212
"58SmeRoP",-0.540876456382755,-0.267772600307848,-0.356075775475924,-0.340725052027765,-0.567095648971428
"5HJp1AXn",-0.348879384455652,0.172874801700972,-0.708039194577414,0.482661419159196,-0.193543319512553
"5MBZW7fx",0.0699388552123027,-0.104820939229478,0.577388882651335,0.0339651765822387,-0.148176119763598
"5Nq3gHaP",0.206089357490696,0.251261371122272,0.531122762661483,0.684277816586895,-0.154019657405306
"5RmwFFK3",0.525453265681361,0.616951320766418,0.780393833663918,-0.0885909856462565,-1.08615272931568
"5Tu5Jbov",-0.526062582286465,-0.372455359971915,-0.488980967990066,-0.178221408019404,-0.257706225421738
"5YEolkev",-0.514322927721723,-0.257829090265619,-0.326189091887562,-0.791980676052019,-0.514504509559727
"5a8sf6QV",-0.0538014394128953,0.151870093465404,0.47195232076812,-0.0644398298001008,-0.575189448040816
"5eSvmqYm",-0.613685266938018,-0.174584070159225,-0.0733431632023934,-0.98806691166602,0.036030104630861
"5hkN8fiv",-0.316137815164809,-0.534259306237924,-1.44847438246426,0.921341868494995,-1.00951867600622
"5oK8Gti5",-0.350013531740691,-0.120724349913705,-0.342942481220628,-0.544216753948711,0.997908270923849
"5paniGaU",-0.844144138959057,-0.120029487067981,-0.617076567478817,-0.830273799341451,1.42884834072455
"5vsr7ZUP",0.312436981965976,-0.0503187727863618,0.474082061289992,-0.633288520820526,-0.837539357004979
"60B4xMWI",-0.202366271333855,0.461032795377686,0.971807686385552,-0.982706444513211,0.610616539665322
"64jOUtKy",0.581279146933719,0.846031271048517,0.701798910165899,0.929735016557013,-1.07078632932709
"6AJo4xNG",-0.373344152831205,0.231235425028794,-0.382276902870357,-0.063138101782436,0.252710183027411
"6CAvhEte",-0.476306779529616,-0.0547563313532811,-0.447265105323115,-0.458650318352766,0.071060649526349
"6CuGYjT5",1.92671167894559,0.364621205275227,1.84323607509697,0.616743215831737,-1.00581232834326
"6DGH8ujZ",-0.38770113980848,-0.603615362924503,-1.50310129346895,0.444370591412556,-0.638999518543431
"6PzsGdVm",-0.322326526941965,-0.310372261744957,-1.03030045016819,0.461527575896991,-0.664763851392882
"6UcSJMbq",-0.00644278538501239,0.542573369320142,1.24070091532071,-1.0059184057865,0.35592263870604
"6WJbkH8U",0.462949472915187,-0.343338947925816,1.02878597503851,-0.19613940931294,-1.11052719434193
"6eUWsVzw",0.502357571257315,0.0327495960200358,0.619045404316154,-0.491849939651825,-0.898490318452077
"6gNyO7Do",0.0281237314323026,0.0930767568475201,0.274216562081818,0.313488968251146,-0.715894152083943
"6jT0AyHe",-0.201906958589943,-0.138352661637165,0.0609067440271563,0.0931656986061677,-0.972401194884994
"6nBgCvWu",-0.454762899189155,0.298521765741815,-0.121615416061956,-0.552635231330134,1.15420721699486
"6ro5mqg6",-0.523859546024368,-0.250692306269018,-0.666347203152881,-0.336579839051636,0.725435878695139
"6sGqObX4",-0.710993697068621,-0.593716180292481,-0.587090606937229,-0.392382834743015,-0.481129488653151
"6uEGy0n4",1.51395727580806,0.571292993548014,2.1005956345727,0.0881495361518693,-0.77010546296814
"7BZ4LxP8",-0.354705878062689,-0.423327453980977,-0.0639600554740944,-0.251767553057122,-0.788039794681091
"7CmigXKi",-0.490204595984893,-0.23186107086021,-0.637476644194236,-0.690799309770676,-0.00159794533786074
"7Ga0LpfR",0.657584760799944,1.16348030328081,0.770959989096129,0.982086438918998,-1.08262461407732
"7PQsFvsG",-0.324339266264421,-0.289018868792876,-1.32079546245887,0.955284256355558,-0.814626015418021
"7aF7nnwn",-0.405615062649947,-0.464795911820682,-0.198641756829892,-0.913383718151252,0.454592053020144
"7asGzfX9",-0.219199163875595,0.0474534004422446,0.0170945657290049,-0.265990490568018,0.0694837653552629
"7cg7C92o",0.258468910481409,0.515989374395893,0.408543105124531,0.815545426198958,0.234962979553834
"7eOxTpsB",-0.00439198531179021,0.096469469874498,0.610414841521935,-1.27591753621823,1.20785938534594
"7ey0v7ma",-0.443093798081486,-0.247522792218446,-1.12270544479041,0.487567388775965,-1.13096669334471
"7gocyrYl",-0.287016404876347,0.103266807814756,-0.492059181358663,0.701910982854781,-0.214848121301189
"7gqR3GoA",-0.588173670679406,-0.222002651355718,-0.537574474069828,-0.799419977883968,0.0580303311467439
"7og7aUXB",-0.451712806182038,-0.0156528949350736,0.0899101651193364,-0.234585871618265,-0.27016393597372
"7onRfa8F",-0.0782540562439129,0.0310433232311416,0.251641090046464,0.026221481562103,0.750372129223704
"7umkNuxM",-0.383909986108591,-0.206310612574715,-0.571628315454617,0.461889340579878,-0.298649548697646
"7vPr9ExD",-0.0092666375944664,0.0495606455178021,0.405012335915618,-0.00748235278273525,-0.478332488657864
"7zNjpCzu",-0.618332189763143,-0.260329741968996,-0.399403598240804,-0.366712560804549,-0.235415861522018
"7ztsQNj3",-0.698913510246244,-0.179187365124459,-0.494603948944907,-0.245896575277732,-0.0734720746331954
"86gppwMI",-0.156680038575163,-0.0609734757096609,-0.407125798187765,-0.468862243139649,0.627893633278162
"88thAGdL",-0.257524178335598,0.0363928650571185,0.173047115364339,-0.539502316136046,0.068254956593388
"8GhU8STP",0.781733828501535,0.353304699208526,1.24577972225017,0.599955000681039,-0.575959200435319
"8NlzDcWe",-0.513144559490627,-0.53182939831983,-0.429500983066207,-0.479593267798766,-0.138402751557536
"8QAejdLW",-0.103527193710908,-0.00353373050061502,0.0957750631277006,-0.175252629766954,-0.628655710063468
"8RDeFxWM",-0.561344360002967,-0.119279830327465,-0.295827305539274,-0.882734617617609,1.08554018775031
"8UXP2NBS",-0.519459733223513,0.11562452132742,-0.451063878398076,-0.739097877102887,0.161078906956001
"8ZoV3KGT",-0.17720880933059,0.00975122641811393,0.386456256359831,-0.671907482236983,-0.350197953321666
"8ajs2uG8",-0.615990916582153,-0.519462244685658,-0.960263838591628,-0.330287979781759,-0.696720342780121
"8bXnz62p",-0.211936914441048,0.210743246773227,0.0553114967819866,0.753123821865094,0.699009993711621
"8nO1O1LG",1.27937578669804,0.952820462420791,1.68314692991848,1.31481649392671,-0.755457916313378
"8xE1p8g8",-0.552113647492563,0.0196948290517653,-0.471431210306176,-0.443325073544884,-0.422517277751103
"8yMDVMRM",-0.627860090235557,-0.531352667575135,-1.0985076441225,-0.322847906413535,-0.34678319493522
"98R5VaPi",0.570659247519478,0.502641254140508,1.664543624411,-1.00386785642865,0.663461895238232
"9DcTz2Ua",2.51497949074612,0.0127597292680442,2.00159609422566,0.829817717298472,-0.788662045630977
"9G7nfUrK",-0.370425746428405,0.087235075341036,0.152013727205416,-0.527266014540406,0.789416278307597
"9O6GZ1HT",0.146360718080069,0.529347458748625,1.36071115355388,-1.2280328956521,-0.0693282114062774
"9S7fCoAM",-0.383061049713573,0.351451868911817,-0.0717161407088107,-0.334635503537111,0.855738119412283
"9iQwmFJR",-0.282983954794283,-0.261114837983979,-0.206043858810979,-0.558724896489641,0.0556991803045885
"A3Mt6SAQ",1.1552185279686,0.218905608202623,1.49522809992227,-0.792678147188888,0.108759291909803
"AJIsQIcV",-0.585368047062114,-0.211614728816989,-0.408170648541698,-0.363371800156038,0.159446874227515
"AMHKXMh8",1.46723841092812,0.650533573090851,1.91140819585851,0.332665565405101,-0.576806915665338
"ASwA2J4E",-0.448426668571603,0.0420176119404838,-0.0700793313610235,-0.508524202028103,0.824895789803156
"AaFvEoHq",-0.0125380395613027,0.0499877429456484,0.675506691297793,-1.44550388501601,0.723943096206774
"AiIPD6hX",-0.421482552901979,-0.04532971293862,-0.311876030398016,0.572369315623839,-0.552087150083854
"AsIURvJS",-0.482361533324596,-0.174354077584108,-0.604492179285393,0.795130472678141,-0.982246769125532
"AsvgbJ0C",-0.306468960879443,-0.150920648010089,-0.975684455589796,0.701411853950288,-0.436184182452272
"AxEhbkCM",-0.46552306545689,-0.363745256897909,-0.850835683969636,-0.974830555747452,-0.448760358796103
"B7VPkIpx",-0.495085560572332,0.216095718614885,0.45817103149545,-0.599208623917007,0.816986891744432
"BBwHqHiH",-0.364106931983221,-0.00939916925373956,0.197197935021845,-0.169069549115172,-0.583667997371811
"BMyps8hr",-0.357065293324334,-0.386946442661623,-0.401482821200615,0.130303981044628,-0.902670867644024
"BUHS4dQw",0.0813686133229866,0.567121473336339,-0.118069249117099,2.15863209292669,-0.656422521827367
"BZB3EYWQ",-0.452691359362383,0.180005033195043,-0.196338430327016,-0.274611146298179,0.972563000678066
"C5UPCZcL",3.29516430976177,0.200617820874221,1.80477426097944,1.19509289043467,-0.845457578865584
"C5gIfQbJ",-0.455826741522433,-0.37877708835383,-1.59565151391414,0.844703519628522,-1.32282275935135
"CDRuu4Pn",-0.539632222276997,-0.320835954326033,-0.229654322528878,-0.692955055951708,0.875089626422791
"CQhTYkqE",0.797045099966712,0.527990793930772,0.567282211799663,-0.343326505216568,-1.36225662068666
"CSEobMXv",-0.604545057951314,-0.176922647265896,-1.22956027417649,0.699583601317635,-1.11437126619875
"CYMQE4x0",-0.197484950754244,-0.0686879131240246,0.918796600606965,0.111539879219867,0.556326877738934
"ChQdtl4J",-0.509131556728151,0.262332775031328,-0.187015573612474,-0.756891956574149,0.734164706124457
"ChnD1nrN",-0.668510327641012,-0.615501851229259,-0.518052136093096,-0.594152963113786,-0.387596261925507
"CvtbbIcq",0.772896700768431,0.0651733374257692,1.01250558691145,0.739786669031669,-0.240836944567096
"Cxk06b77",0.0227529847050127,0.288213986784535,0.400409328722528,0.0877768754863582,0.373855528018785
"D3QD3ZEJ",-0.385871227405227,-0.224984861553972,-0.681544281126402,0.491045530375743,-0.106672534573362
"D8J5C6lA",0.415321519721922,0.346585146179214,1.11012373480282,0.59526821100154,-0.369399731205045
"DCeQwYfT",-0.284943690529257,-0.0206087541191776,-0.0439315089832488,0.033307341082002,-0.543804434057409
"DDEftkx3",-0.733252389914426,-0.0257810700018765,-0.63947626561335,-0.670740246680949,1.31114593587993
"DEwCfeDW",-0.11551161301405,0.477646089905312,0.100962513421783,0.321519248879423,0.725600182030822
"DMkIV4oL",-0.542307068482675,-0.25050793386568,-0.405326827912463,-1.07953030055151,0.673833857605815
"DnzGfbxS",-0.350816092223506,-0.106714635000568,-0.0867133436479008,0.419220297240266,-0.883598090402635
"DoZxo6f6",-0.409544012405683,-0.0121666568879251,-0.135823368993944,-0.625668786831283,0.550787516426825
"DvhBPGIk",-0.601879116373298,-0.43100117819698,-0.733061557176798,-0.235741254144924,-0.109296800864674
"Dx7GoUcT",-0.49790313078007,0.190509491009112,-0.122175325865768,-1.04331707891463,1.29418593108364
"E5hIjohO",0.299826332745391,0.434320247810779,0.517848396642879,1.05502411385907,-1.0456630141489
"E6x4XGHt",-0.384563983480386,-0.111801119604759,-0.234025369900502,-0.459762587549592,0.671917338394832
"EDEpAzh1",-0.437982982410764,-0.141321829713398,-0.483388841616801,-0.605340072090344,-0.963664128964954
"ETGudkQt",-0.233676273837779,-0.141467927273571,0.178894292709452,-0.751845880738416,0.456476449825149
"EUleKrLJ",1.61928472596805,0.136205558322101,1.48876860335614,0.894551488022826,-0.443056577659297
"Ehw2Jz6s",-0.52451390660041,-0.423934391038564,-0.636796067608664,-0.280733333113846,-0.281352825895368
"EjqzC4zH",-0.28304511999918,-0.117123017821131,0.300549951896737,-0.586450207149983,0.647833718923942
"EkMZO3Qj",-0.262915404538359,0.200271483166522,-0.209870630592503,-0.677775849574636,0.66073005719092
"EnoNXWvU",-0.0103197352828563,0.554096546595099,1.35527464025704,-1.11716398424051,0.322319894698997
"Epv8ANwr",-0.458186046859946,-0.198492075692147,-0.685168858850036,0.557554750221665,0.0395820682279746
"Etro9j0B",0.0929275442913528,0.354953751918777,0.566575091662327,0.55023250971316,0.248962923692083
"F3MIZj76",-0.485312735619285,-0.0736041112763652,-0.837912708696417,-0.0339211244367644,-0.419837953806395
"FB8tU00K",-0.521516095299044,0.00678772070942645,-0.862566630179315,0.511520698528391,-0.119110777721278
"FLhxBGMK",0.367640126851131,-0.00514331081478909,0.529197239364583,-0.588047558591483,-0.71828259783643
"FRreR8ka",-0.482240880049337,0.218497513268759,-0.371081594377509,-0.218907794770523,0.640834989576771
"FXne4oAV",0.483597230665082,0.364600634317772,0.864534508329347,-0.19554197613994,-0.563156640752375
"FaW764jk",0.220762586614231,0.355002494935304,0.490485869604427,0.138043273183109,0.400967494405096
"FeAbMXly",-0.655632484204735,-0.213349454557535,-0.523506638982841,-1.02596307114296,0.658551610597239
"FeudaFXn",1.45293576114708,0.318035368082932,1.74699171330783,-0.424977466555113,-0.868267283285449
"FldUmFeM",1.40774199765958,0.153537197951378,1.68079453053684,-0.644920656453175,-0.13806374292153
"Fnv5tfAm",-0.733870402837608,-0.337843545153759,-0.613187917308835,-0.149326670701774,0.128902439075438
"FvrAd3Or",-0.134244843081161,0.036051098483401,0.900304579012594,-1.09263055798091,0.509291513269995
"G48zHffi",0.277002965486641,0.463646908086899,1.37664149290911,-0.933674563601037,0.339597632964041
"G76zCv5N",-0.540780388428966,-0.21341809159702,-0.39611458659627,-0.725142389819629,0.115345358224246
"G7JGUdNf",-0.0576780885461447,0.0411833199299226,0.307568216941411,-0.292391371312349,-0.820324078990348
"GCo6MONx",0.696457612476655,0.537000889119625,0.977295874983154,0.598085645200042,-0.603894656194279
"GE0vbpVQ",-0.354005552822593,-0.148379230520667,0.107519806178765,-0.572610521058837,0.455004885362992
"GN0DfOqt",-0.438301249083484,-0.0296660325552513,0.189826768030657,-0.751132598701744,0.596344845697856
"GNsTAb1v",-0.362303506602209,-0.200416466345117,-0.505366740779988,-0.133001262186274,-1.32700145939637
"GPwmO21z",-0.53043951504795,-0.232511714852823,-0.758934972581132,-0.00474164491194944,-0.297972727392007
"GQYpfLoh",0.614668815370211,0.587543996127208,0.610777769279863,-0.010735660451053,-1.21092720972877
"GR9knT8n",-0.344825571584594,-0.36921163296338,-1.36002761345379,0.767182666136637,-0.754630498909175
"GXtFFbZy",-0.434590173072598,-0.120941932103788,-0.152840283775316,-0.388199710892718,-0.217106854801462
"GYvzvvFD",-0.458157234888158,-0.285224960781519,-0.710577728409865,-0.399690651732999,0.213380108993021
"GemPjTJ9",-0.328179694193513,-0.238810806752359,-0.770616412391494,-0.0323800642943415,-0.31672339550244
"GkLYRm1K",1.62012848737833,0.505441661461394,2.0045410692821,-0.321051090237381,-0.97124058438582
"GmlqP8eI",-0.521175740872226,-0.373606037274397,-1.05109902584401,-1.00818429675531,-0.301326045074689
"GqkIrOvf",-0.257707597649513,-0.173743624980781,-0.384462443480455,0.47974991499254,-0.487148251253684
"H0fsegPi",-0.408747665112364,0.142873114640267,-0.308317549737527,-0.614375568716009,0.422228522973029
"H4dHpJjU",1.493821796256,0.432748220214212,1.68769689933014,1.03404139426155,-0.634897458995463
"H5QwJCuU",2.20130065533682,0.89997025302521,2.0000752037777,0.386562196571746,-0.669571493474202
"H5uwmSZ0",-0.388340321487405,0.0103995915441659,-0.388365603631338,-0.873937419993863,0.629573722419269
"H8MtbVoL",-0.158458819662966,-0.0138304806816849,0.317964634933585,-0.735386582623777,-0.338153564724636
"H9JrUYnp",-0.472086988398254,0.350670295968547,-0.295546201345994,0.000390795122402896,0.694898537748238
"HHYmmHVk",-0.622205215561822,-0.296406078690236,-0.399982430271224,-0.772885958801815,1.29640928994774
"HJ5U4uqL",-0.541540134016185,-0.239678464866918,-1.1687584929042,-0.309803321973411,-0.145146653843837
"HNQxYc4w",-0.521083351606215,-0.322278750867587,-0.410117070327411,-0.82636074867473,-0.158262200375862
"HQYhKHZ8",-0.50433707158425,-0.160462006758244,-0.789170686043618,-0.470423033730092,-0.227391968209088
"HSCMx0MC",-0.490738934523271,-0.119413387177935,-0.39087897703226,-0.712582248441484,0.894572541123668
"HXYuE0fx",2.01421388299179,0.28570945810412,1.80312292817396,0.447271728574352,-0.845951646395183
"HdKcxEWr",0.123304451179254,0.228459032171214,0.530669226617172,0.325685991776705,0.0486312861980675
"HecW1iCC",-0.513526212187338,-0.177240544983288,-0.564615247291125,-0.757997285945315,-0.914248604763892
"HpbKB8rv",-0.416437620415064,-0.0622264386733897,-1.28213178508143,1.39592563749127,-1.01702153451701
"HrkoYjCg",-0.193299660381887,0.496902694353427,-0.343474343080555,1.00191578929519,-0.678657403271989
"I5P2uquT",-0.29294312976323,-0.115354711831792,-0.146641334395103,-0.359069752912499,0.0606655309901776
"I94qkDM7",-0.405719486375701,-0.234012622933446,-0.842242915633388,-0.609281702850673,0.222145987535611
"I9sQbtt8",-0.181061268935358,0.00188744898021467,-1.01337248453837,1.6725210070749,-1.00109270113837
"IFxgw6ZX",-0.424778635654546,-0.102505224574509,-0.524902720017013,-0.512465721961195,-0.0891380886478971
"IPPPSyoU",-0.654863403218891,-0.180607724304155,-0.767789351270631,-0.0567299716297855,-0.314061541061137
"IQOYQubU",1.49364186274849,0.17973285565474,1.29400980103941,0.370726081784475,-0.64212511821291
"IYNE2SxU",-0.685654009424969,-0.39559486988783,-0.622319150865216,-0.234195978496153,-0.45591590380246
"IZRFk9kN",-0.283600805348221,0.092311095058145,0.161671418882373,-0.236715134302833,0.139641269742019
"Iaq3v0t3",1.20021218910231,0.382763356574025,1.64863575365143,-0.556866958670604,-0.052240516071733
"IbVwu1t6",-0.434803325589213,-0.601996858995055,-1.35152401170913,0.0744075683488093,-0.600140304370397
"IcHKTLyo",0.058796605315205,0.123274569302429,0.201163507480485,0.0155695203500587,-0.873854225923035
"IpW80wVB",-0.390927497166953,-0.398922600156936,-0.938574621395376,0.0859735050534778,-0.441378660159234
"Itb0PYUV",1.30480285253665,0.599850427371438,1.49835513525063,1.26350563753506,-0.706480764492188
"J8fpSwS0",-0.0994825899383319,0.119373229237228,0.637497358421247,-1.40933768182446,1.22123624586263
"JE1SlbD0",0.3680138430749,0.772462696778276,0.806482789566155,1.52054694960203,-1.00078448645326
"JEB4McNb",0.416777325548072,-0.221438527983056,0.972138347414643,-0.0434789658282863,-1.13174223780859
"JEE4QVeQ",-0.195882484186972,-0.114526422690442,-0.00419252919448984,-0.742019824242204,-0.688336375192261
"JJSEU2VQ",-0.734906016480751,0.052897078598067,-0.248113158875728,-0.633879903634756,1.26743508300382
"JSsVriP2",0.0242938068847572,-0.128046965167911,0.865187015561202,-1.22555105253963,0.226083514726724
"JUvQNiOK",-0.129984575897083,-0.0641388210840325,0.408675984034086,0.0918577346929703,-0.0252995423000732
"JZbrRtm2",0.104015466152337,0.339584953114276,1.29339946792931,-1.07178180985562,0.140906057611763
"JcE9G92B",-0.080112049107308,0.347176671143014,-0.121256410360562,0.735995315256638,-0.31643200070159
"JnNYpXHr",0.289951118881542,0.852310466397742,0.873161155292547,0.867869402389561,-0.619908827198887
"JzpbnOtz",-0.0707386180664706,0.159980038096027,0.425762950278296,-1.05688265582561,0.842352444644567
"JzzUhPQp",1.64143084598103,0.715683217059804,2.01784283494399,-0.0988983949874586,-0.965455754840334
"K05R8dQK",-0.213709563155768,0.104571444086079,-0.537349347281405,0.476506107920855,-0.596982443561178
"K17pG2mG",-0.142818681332162,0.111204680223206,0.706231884180606,-1.25749055866189,0.26081038746421
"K8BellUe",-0.14579257044177,-0.395901149170076,0.0635061642435977,-0.499990888789817,-1.19983115763981
"KJ2eH6rr",0.0444274378709135,-0.0386483834923399,0.59928750884036,-0.360932634427583,-1.00946098792062
"KJEJ6Glk",0.394434366351585,0.606529405523299,0.735344631788949,1.20842933230321,-1.08549337761948
"KSbO0oXS",0.821444026943061,1.37842120043947,0.896897713846137,1.12413509541265,-1.36313925950716
"KXtvmd01",-0.51698736056813,-0.137198783436731,-0.265368083597623,-0.716822108432678,0.621433195103593
"KYiJqBuJ",-0.0142285792686606,-0.132170892499412,0.45021354412664,-1.04095205708204,-0.479015863178955
"KmbAyTcE",-0.294764547730348,-0.0419485583354818,0.0550434355617756,-0.299997225156547,0.0168986567844461
"KnNyl3rV",-0.27087578615713,-0.190711877786788,0.28007125494016,-0.245043197166773,0.517106324888008
"Kp2DG8TZ",-0.255994392395328,-0.214534347922843,0.320173611338602,-0.077364435747046,0.749156193604568
"KqQtKWs5",-0.421893558921763,-0.457469137712331,-0.355960791140776,-0.618005914897739,0.180100772646974
"Ku27g63R",3.16083526846049,0.830938232791923,2.35276055517675,0.659154478572793,-0.833692541246443
"L2aTVqDq",-0.367312874955281,-0.500443161012361,-1.36050102150348,0.915461633111769,-0.927486418837417
"L5jvq6G4",-0.45329696206255,-0.407887383985865,-0.246268629378091,-0.604294810501285,0.301824787216527
"L91hYVQl",-0.480766070574995,-0.487184347426852,-0.264649454320686,-0.800870523760515,-0.253807776052856
"LINAMlbA",-0.309439480498724,-0.0102013372349516,-0.642252043922077,0.155979330221865,0.389071555920977
"LJoUNXSx",-0.439682225251725,-0.64352600495035,-1.66327165209367,0.237908890594643,-0.867852418269766
"LLtSiyWD",-0.765592953282224,-0.355759296477104,-0.56407554664835,-0.964578035946452,-0.0573852056635434
"LQJtV8kn",-0.100591859604142,0.00156191014462326,0.455482357920905,-0.584716634118396,-0.829580590149061
"LW9uddw7",-0.31714371680276,-0.105101238386881,-1.04803543776676,1.10203407742384,-1.1633339151818
"LZ6sdBTR",0.916650488440865,0.661614688844777,1.30998414577916,0.0701542601929593,-0.762258956095658
"La2Vhnne",-0.0430161384117405,0.74973176798859,0.326312632587663,1.36359526968878,-0.435089273953399
"LaUWSq9B",-0.284288722077536,-0.281264279644566,0.270993968782587,0.133753402295091,-0.96402456327805
"Lk4SfkPQ",-0.378522756728929,-0.103072447482271,-0.647563778203251,0.00454687332309765,-0.908593843678011
"LllC836d",-0.361957521607473,-0.194039643688754,-0.872665023425765,0.422994179308897,-0.0957586375609411
"LuGiGeWN",-0.38272706042636,-0.245016275507476,-0.508175501315769,-0.486241093192934,0.358640362989069
"LzcyHcWa",-0.665881881483012,-0.00163648558902457,-0.280934534056212,-0.804106815249578,1.00684448849309
"M7veP0H4",-0.403116895654479,0.418622123678018,-0.139569972967323,-0.13716950369088,0.71227650968872
"MB8aaJUc",-0.182279404215578,-0.165508192787236,-0.943075271354347,0.651005079466829,-0.438330641505858
"MDpe2zuy",-0.776625378912748,-0.417262073197062,-0.574695235683873,-0.777939320596061,-0.237666149573455
"MEzdmEIU",-0.533284520480845,-0.0915216742366248,-0.128752936094592,-0.575300520555204,0.18227868561645
"MVnhtivm",-0.498944861453839,-0.410822752990297,-0.844119362194965,0.0942050904185417,-0.187158013658859
"MYU7WDis",-0.014013542029323,-0.0400785186989619,0.377239811351223,-0.442248454282939,0.491551110338888
"MZFqh6yw",1.47938805799879,0.626685548379792,1.87844488808801,-0.398970779301659,-0.00236236281220412
"Mdgy4SsO",0.567224586304997,1.13237512253927,0.667155822192854,0.929422806760818,-1.31091339937093
"Mj8awnzy",-0.420019913043587,-0.113276996578787,0.126460658844346,-0.540871173422068,1.00748287119669
"MpFPbUJy",1.72240110722209,0.870542704511616,2.01610588496729,1.05380268577284,-1.05260751511487
"Mqk7MFBM",-0.36816918221446,0.0499189300389373,0.348946532456604,-1.08399737917471,0.934035557636874
"Mqs2t1Eo",-0.3879029549574,0.00256653867966019,-0.525903906932063,-0.0297812114328475,-0.887124394733261
"Mv3jFVxp",-0.362734832890096,-0.193293639561763,-0.402705915283106,0.150991109930717,0.186057185160517
"MxODTXvA",0.334583652029847,0.0575796804715401,0.447707396355133,-0.23257700216463,-0.696059172375677
"N46PbpPM",-0.268796341944979,0.0645262516413189,0.220926929400642,-1.27920706686201,1.47519451975442
"N5S5F9Gk",-0.339561421976408,-0.0345013488646015,-0.733064882045041,-0.477256716841542,0.402940817383728
"NLDg5fqw",0.148600277612513,-0.402671932834161,-0.257408553612585,-0.140233041190097,-0.17589962780354
"NOho2ZiM",1.86640918098922,0.197353613044875,1.64180153577453,0.768853040870096,-0.849074589012814
"NUuY7PFU",1.3126891082867,0.915512177444117,1.64604418846757,1.57377227640399,-0.856112695309168
"NV1e8AEO",-0.578369297412424,0.0724598377405533,-0.136128023179589,-0.463993683607476,1.29328674693408
"NZLXROKC",0.378520444450971,0.338668203237644,0.460033908428753,0.112694153386741,-0.756842564171052
"NaJo7C6o",0.364568190897491,0.118142622988062,0.539988967219653,0.607827104800102,-0.170230335792071
"NgsyGkrO",-0.0824043808187545,0.0415822679401729,0.252109949706868,0.462055745195961,-0.940038273089005
"NjOx4Zpo",-0.32292518155232,0.051704427646694,-0.925974656357088,0.912123237323786,-1.14406062427003
"NmQoI7x0",1.59947204451724,-0.184654582133855,1.6155489036148,0.115780678720018,-0.590512972810346
"No4wkdLS",-0.412816191912496,-0.477903432100187,-0.538856086723074,-0.348258965850491,-0.348393322430106
"NouMwhOf",-0.460005330495296,-0.268569706554372,-0.0176902252230266,-0.383299975344017,-0.684571159854092
"O6YAWd8C",-0.312641725431169,-0.128012245206645,0.123207291369041,-0.378189874354366,-0.634144161009454
"OAXVphSh",1.69470977676691,0.000935178086259508,1.16955759315423,0.736102229758839,-0.181404236690743
"OJBBhb6Q",-0.205143560945165,-0.482814353350885,-0.183390472309308,-0.836178180044432,0.753660708205684
"OSIQXImL",0.336119520747343,0.221485336495475,0.572449865143508,0.440445411081765,-1.00453633019242
"OUUFc5Zz",-0.496232322483054,-0.0909902338416409,-0.276233556570846,-0.82010489238143,0.828847374335707
"OVk1lquT",0.148833540171101,0.583939243454556,0.362883002074087,1.40566280055351,0.161625038240863
"OXdRxjzz",-0.355227053032391,-0.498285970322898,-1.18334055102511,0.416268713868604,-0.940862004641249
"OXxW2ekf",-0.499758540956628,-0.261544118156527,-0.477874125274215,-0.871516035399612,-0.0921474145296635
"OXz5OpqR",0.160258277772843,0.276080970571565,0.618058558756215,0.0856353544886757,0.319649387212504
"OcBFW1AX",-0.265090409947461,0.0273297928775072,-0.677911348117666,0.016463216861469,0.152143075478038
"Of9V2rpt",-0.125402432403459,0.193119529482727,0.389509479321447,-0.327261684397921,-0.303544460690695
"OfLxPhbG",-0.220602449255419,0.110228164932371,-0.0616126276770542,0.05039198465645,0.261549988242425
"Ojx2vi48",-0.187585407969258,-0.309900866850323,-0.352275316764942,-0.321612165627446,-0.0199795277231189
"P3M32iuT",-0.459107792514751,-0.336108126489144,-0.561255270127627,-0.539120874926775,0.0293484298329596
"P7olVzrO",-0.405518607633205,0.0632738885575182,-0.320240597788257,-0.081986323056929,0.120734087779652
"PAPHErnv",-0.499228168032655,-0.326398187408185,-1.1573926713489,-0.222278775236711,-0.385862074424427
"PBjEtfXb",-0.414698517097996,0.11101896907635,0.204547419838015,-0.700707251766139,0.784968302952032
"PZGpoBBj",1.47351509897703,0.232994233678688,1.95689171136575,-0.132378901129037,-0.716295887865819
"Pc2RrxXS",-0.670316784482724,-0.436518482509685,-0.497959452792532,-0.94094677597491,-0.508250461558401
"PcHQ4FOu",-0.405175229216459,-0.248551879074348,-0.486604670655052,-0.337412732669867,0.0110277085003247
"PeNyTOVN",-0.255450607954784,0.0946107866726647,0.122272738497542,-0.170346520049286,0.362979451956335
"PhUPSU53",-0.53258349080491,-0.105417540207941,-0.742068128584354,-0.0981446546542884,-0.65127086516834
"PmUNeV2O",-0.49753978217506,-0.443309945341991,-0.749506535333595,-0.440854294504731,-0.162822993811389
"PoDJ0uvK",1.86215277887046,1.07801600683163,2.0402921608671,0.09116939378769,-0.46450509099076
"PsUJdJdg",-0.42700949142349,0.0891002617805252,-0.253471503789412,0.676562350860372,-0.212559816492739
"Q3xLFx1f",-0.591542397983902,-0.575905726429819,-1.11067389000171,0.0283933539583421,-0.689213516490865
"QBGxCvdM",-0.0716442066074866,-0.121740337910448,0.250442131104718,-0.507891990818711,-0.696726076788161
"QCEPyu6L",-0.54060017543792,-0.129100223401672,-0.790542387388507,0.26611430022443,-0.417249804588391
"QEfwec4s",3.05785694702163,0.294325308077825,2.12250977605876,2.43093776037894,-0.3994528439883
"QZ87Nnr3",-0.440304133460855,0.283010319318412,-0.121088324167944,-0.644054178141021,0.740615074589611
"QlyGN9jv",-0.680970154474712,-0.179402375353937,-0.364731575339916,-0.613223864332583,0.791015343138944
"QqgWE1ny",-0.514386399592416,-0.0747013495859793,-0.418817705209241,0.130038378363742,-0.127192463963697
"QrjjBpZd",-0.474404577464387,-0.222610330935818,-1.33273498571547,0.919978964108294,-1.18476188308059
"QsaBiX7V",-0.511838422082772,0.194688615462427,-0.102129561458651,0.0375277016369763,0.0538971641205455
"QtBKJuZk",-0.330433787871185,-0.236182993978181,-0.336895234911075,-0.383191998705838,0.153861283357232
"QtPRO8OJ",-0.690918113903018,-0.18155246034099,-0.554464096124494,-0.7981223641329,0.318998146790567
"R8XcsFnp",0.154455891005089,0.255059644955079,0.454497649529479,-0.972772193381922,1.06261876934365
"RROfRt9z",-0.222069669685151,0.0114059276003928,0.272168783286164,0.271035039996558,-0.837924207720113
"RTcbiDGq",-0.76609690987562,-0.301086280663583,-0.669396873516246,-0.526462667179371,-0.20276643947664
"RVidM9g0",0.123413602574275,0.274519435651584,1.16018002887091,-1.21025536420743,0.681359708420795
"RZnQSH19",-0.539616056859437,-0.177964648471205,-0.486483975108471,-0.806654756951552,0.998949494922854
"Rc4UK7fT",-0.286157578995078,-0.0758085735222815,-0.488719788170173,-0.136996487435624,0.254045146219335
"RcKBKh6B",-0.341872107709825,0.222325415159252,-0.271285152369133,-0.376256997392957,0.644833643309328
"ReM5kDa5",-0.00774517784318227,0.201270682211692,0.366827850501552,-0.0796388502550136,-0.712106103138183
"RfntsotG",-0.584652768581583,-0.158822784247952,-0.271557221983939,-0.999454693009105,0.758537246979233
"RiXMlzXD",-0.666434938650554,-0.284710311408474,-0.350148826131971,-0.805699632351116,-0.466612929721646
"Rik83O3m",-0.414103055858464,-0.2028075860818,-0.431233870931848,-0.337692403949364,-0.171040888902461
"S3PCzDzO",-0.288077316395676,-0.214838780479508,0.481139110023611,-0.160728499682533,0.299084484319607
"S77BviOJ",-0.328868266820851,-0.0714911196193245,-0.407527945704699,-0.199881597292657,0.00449723235194942
"SDdvtktF",-0.619545928315598,-0.413336786808782,-0.985791814482517,-0.0207069598146725,-0.788257897711052
"SHs1AyfM",-0.284788156973691,0.0886907758459823,-0.136198230315655,-0.250225469504588,0.583288446931314
"SO4zQy9k",-0.498279949407734,0.0127991969865167,-0.129608543468537,-0.890749922010763,0.842612224144454
"SOOBCoiG",-0.102532234899438,-0.0400752326083537,0.257319516654719,-1.03601315577989,1.2407589482018
"SXkkPB7A",-0.0868374213762398,0.40447247392418,0.615087242499785,-0.71818666005966,1.27385489068564
"Sa93dGqq",-0.128188529153635,0.3880590074932,-0.303796828819657,0.398193164039059,0.345522602990024
"SonIG72a",-0.715376905250312,-0.0071181148606382,-0.392845061933103,-0.29209957586937,0.867515949556325
"Suf6hIBc",-0.408148764722305,0.0584008889151087,-0.119681729405718,-0.604658661449463,0.82936032454514
"Sx2JeSRz",0.0239085586869138,0.393453512375523,0.63568593081141,0.118656718374835,-0.340295239037317
"T1Tlftr4",0.0349794346005105,0.300876551243006,0.739182726478749,-1.0312382717052,0.922701661704637
"T7ulR4ci",-0.313993065514236,-0.201307352632143,0.0409519158033032,-0.69733734978101,0.665079505855034
"TA1NB3Br",-0.383447157265479,0.0987783664089107,-0.0685391357056949,-0.521689192047376,0.676458229927616
"TFZUskaK",-0.0275861327334451,-0.249656550741621,-0.0265755598734173,-0.154483270130546,-1.03199742120512
"TNL8HGWZ",0.0348334606938054,-0.119102361234895,0.120924856433984,-0.541890920300321,-0.831937736254237
"TZ8z1GSF",-0.671071065534393,-0.406888547485358,-0.810119796086462,-0.350324064028585,-0.23786104140832
"TqhRvkJJ",1.0626704251089,-0.460882971426419,1.00134949090209,-0.293813402779903,-0.809570752211877
"TtJCUiY4",-0.113482107362377,0.3608340259476,0.686009431853529,-1.20776659418458,1.24459032376096
"TwDq0lua",0.514869460526163,0.274095453737395,0.564359725986836,-0.441778175937802,-1.06030083504446
"Tzyf02sI",-0.103897246232718,0.312858672143926,0.649073489035033,-0.97795322925441,1.13479852840494
"U3yI6ZS5",2.60409744735437,0.581888002768505,2.16239016734439,1.70007169710042,-0.80215660270253
"UBLnXZAN",-0.305143665578443,-0.118857809205856,-1.46633470095761,1.58883797889299,-0.917232481787616
"UBWDzleg",-0.606082248835026,-0.00194887070523903,-0.780475642194847,0.405692163742793,-0.53047214394739
"UBqkX6SY",1.18485064585198,0.647908041133642,1.95641809550945,0.367850341718892,-0.63787788462941
"UCIAi1Aj",-0.716637436466069,-0.150178815174515,-0.810316434147522,-0.494207724232284,-0.418549730454875
"UPbXGvCS",-0.133813241153993,0.0320811647428322,0.208634837673792,-0.162680279926411,-0.806252348252219
"UeWm1l9F",-0.335362972240979,-0.267241210636538,-1.27268605654524,1.04946588648846,-0.706398232337298
"UhucscY7",-0.642599667019321,-0.202968789194466,-0.833941426508711,-0.786120072442027,-0.79612140059788
"Uri1SvHV",-0.110476209146807,-0.0209587914521442,0.140493908826482,-0.382762378871463,-0.791737978800199
"UzxipGJS",-0.587947444376969,0.0181676610927258,-0.402370825474447,-0.474113610761839,0.516509255937505
"V74zfaAQ",-0.15663624389125,0.0824957352163641,0.0756379972709871,-0.164111502714062,-0.756678208154918
"VBPxBLTh",1.26219297291222,0.382528435028974,1.49896193217466,0.730779097935074,-0.679222597605726
"VLG7CXYS",-0.437594554398254,0.119120556490714,-0.207319171898668,-0.0880484077380403,0.546082016649642
"VNk52SpF",-0.404048868727409,-0.276030646521756,-1.55209952349648,1.36926585167379,-1.50390262267384
"VOREKsok",-0.690409639685245,-0.144396714715534,-0.697334144545609,-0.884196436420084,1.47544414112352
"VRhTr5pX",-0.560443307680658,-0.286781393376077,-0.260116855530997,-0.979299105586265,0.271065062180989
"VTcG4Kcw",-0.0145802731286001,0.363843588931257,0.73805431740316,-0.616071553499895,0.763004881062754
"VeKiWSbS",-0.409621862859382,0.0574080051314036,0.0080365822603941,-0.57853739359218,0.74169718723278
"VnU8nJHU",-0.601865731035588,0.0120617101829792,-0.100346031602097,-0.630359988972694,0.256894787474752
"VueNCxYv",-0.501845367161873,0.12499895884047,-0.609385722321358,-0.419453429084665,0.296996904685861
"VxuQTRUl",-0.646764713675967,-0.134997556693668,-0.178766883669898,-0.649451883303261,-0.0904032383587068
"W5lgaocA",1.08531101819821,0.840968855401888,1.83689417538307,-0.466050182249957,0.183783162895639
"W5mMq9Ef",-0.432332264855974,-0.191672045361328,-0.949854665143223,0.448960480854874,-0.280093652448638
"WDhNqFpS",0.152831567451683,0.108709981580395,0.0718527905886135,0.992963580287479,-1.18676563429674
"WE6n1kZi",-0.317038030868258,-0.501880620650712,-1.64657031001743,0.70792193508686,-0.853463016387884
"WFk6r3vA",-0.429698718361039,-0.257816693057708,-0.292790486569104,-0.440789555973589,0.114676175241469
"WFyIrsUR",-0.707862689498594,-0.169757922111029,-1.10062143054388,0.760529058345394,-1.09129213716105
"WG6ZAsqR",-0.682010922144332,-0.123477930114545,-0.51588411799445,-0.91565192865854,1.13421036849458
"WMq3CZQk",-0.421758586467993,-0.163535244776397,-1.11827225692508,0.607051239431616,-1.23475544415463
"WRskmGjh",-0.684140251005612,-0.598269837686198,-0.521797792805882,-0.958464537515857,-0.197545449441267
"WXijSglj",-0.576508034641167,-0.395714798490029,-1.02122859775837,-0.037266190835369,-0.742255644803974
"Wc0stQgu",-0.313808291964666,-0.543768836868868,-1.26278861161887,0.414435190282053,-1.05583014036568
"WewoSCUB",-0.465514414306582,-0.51306324587043,-0.463405740996743,-0.576309052984391,0.0546211210315555
"WuHuhHWJ",-0.402062866208518,-0.227603878768221,-0.0152465029912643,-0.560413758479861,0.980979162842507
"Wv7EBtZb",1.0615129589263,0.306335848009197,1.55119278388084,0.639119351851358,-0.496131954057052
"WyPlxDn0",-0.519734705445396,0.0336170650817335,-0.0399593028564738,-0.872961421659871,0.96840165981021
"X3WqoSNN",1.6552090046626,0.312254936259221,1.57463301560417,0.513087771077796,-1.07353996875099
"XDhyP9KB",-0.530922138524481,-0.42163060547783,-0.48553144315238,0.0164047306860627,-0.283048977845586
"XQxhDRMG",-0.234118618585685,-0.0705306658100204,-0.681784648186152,-0.250163675987528,0.389067011913799
"XjLNAwxW",-0.092983388601017,-0.167105963665335,-0.129595805901375,-0.16915656491674,-0.980936998221235
"XjfVQbXd",0.5836418517361,0.416246836918046,1.23299555334717,0.169873365002521,-0.452985216866224
"Xovczbf6",-0.751619254476091,-0.11083926202288,-0.766333704455329,-0.872930340907679,1.42793866224356
"Y8H4onBf",-0.629649615491914,-0.44518096911908,-0.255332957124493,-0.832739314303939,0.408895638967627
"Y8YgzSZ9",1.91911571545124,0.514030561465502,1.78066290078561,0.768896345432792,-0.331183016199086
"YC4PNV20",-0.402093896402716,0.272843532888654,-0.195730456257177,-0.662079307012784,1.06014788497816
"YDHSCRdd",3.67800386277873,0.34319344037175,2.37725538821064,3.00810438090627,-0.484562050334049
"YIJ87aME",-0.116509238206474,-0.0658396298972564,0.117057754425245,-0.379266044922984,0.246203056141049
"YKvT4dFv",-0.52090305517892,-0.129473071644062,-0.821372275310585,0.201673118470906,0.00749082857330957
"YNebALR2",-0.517169669437891,-0.29025455951559,-0.746242423084375,-0.490823034493399,0.297104989172675
"YNrnqFyb",-0.213345883298895,0.149342337677035,0.254649045223185,-0.193783060263343,0.178752242577933
"YUZ4lR3m",-0.438074009960906,0.0856351803345826,-0.650262405356488,-0.408138036640158,0.458581731153247
"YYLvjoVC",0.0275134204843136,0.0450840373114768,0.416071275956593,0.0147608213902609,-0.122040885676189
"Yb8OtMb2",0.156877083604907,-0.0331098039141982,0.38514894312803,-0.150734157254778,-0.793813545639262
"Ycg4lTYw",-0.65115524440029,-0.429747731305214,-1.44290707633821,0.42256758655197,-1.35864945169389
"Yfk6tekH",0.0574694191698755,0.371555587125861,1.14633197526336,-0.747947548037205,-0.248191165887095
"YoSfgmR6",-0.558441480009142,-0.390840417179756,-0.49582171005007,-0.274919983367977,-0.255420962938377
"YpzFvexy",-0.43923114504013,-0.37839176517178,-0.8806040724795,0.230177838755613,-0.671582066816412
"Yxqppfa3",-0.280717829051433,-0.0741349596960959,0.252811828862537,0.172284365384072,-0.650368020299043
"Z16jTUvP",-0.389284929557431,-0.0635246221986696,-0.538994323779755,-0.014174343416848,-0.181558814481612
"Z2BdCCbJ",-0.581013714697114,0.140874361095873,-0.0665192491592424,-0.374719181644084,1.15937885470068
"Z2JJMM6V",-0.314679812522507,0.517483997541638,-0.230447788773794,0.020734366546841,0.0804400527200375
"Z5jE1OB5",-0.450768295393866,0.0685864002506988,-0.0857957267978653,-0.0792481997860254,0.239503878140855
"ZFsIqYxA",-0.422653004356159,-0.0566087582090293,-0.622274376131269,-0.199032363465896,-0.150828576016559
"ZHDVsoRh",-0.52644034520205,-0.471565858365536,-0.805966129915821,0.0740583470168008,-0.397497096807638
"ZSmfu2Fc",-0.663805624672648,-0.00961404638528768,-0.47218785018357,-0.245227305394155,0.362469506041509
"ZU8YXF3H",-0.731263092416163,-0.160459411163296,-0.610827463726792,-0.936435383202607,1.43768476318878
"ZXKaNy6Z",-0.536490580034304,-0.283155797869741,-0.759050189529446,-0.591346142489374,0.168979571518906
"ZbYLo0zK",-0.504661133838329,-0.488434651602837,-0.307269645559167,-0.614956403313797,0.0265046541826202
"ZedN8Gcn",-0.657792979414258,-0.438571417788735,-0.480483065676515,-0.776428807297067,-0.383173068978254
"ZgD4Dau6",-0.299698496582813,-0.241383547307048,0.0901712788981864,-0.660602631597915,-0.501589212722598
"Zgzf79LA",-0.570599912324967,-0.332031997553436,-0.544267516880132,-0.555567497876079,-0.0105081909636295
"ZjqzxDOF",0.207134528697337,0.745526206940787,1.56632054669025,-0.767901229554971,0.121712235113664
"ZsZ5aDpq",-0.0838643822426551,0.256087425496301,0.38921969593033,0.91834773597495,-0.968598132284005
"ZtyqE7If",-0.259278762628474,-0.247542775992773,-0.0566707120472965,-0.354144441478363,-0.753824182021846
"ZvUgz01f",-0.0296323597842273,0.0215399904461189,0.724725341277542,-1.46823715849792,0.830270032729326
"ZwrhgdQV",0.193292362931786,0.108276056532367,0.445679802427606,0.645920504189768,-0.552553043054538
"a7bhJGBU",1.61881522944765,0.393016269624662,1.30539676527401,0.806690939734216,-0.613572821338171
"aHpv6KzP",2.55689139554412,0.344829850136901,1.97264451160249,1.1667999589147,-0.867066633937712
"aINzEBVN",-0.435469120965388,-0.400254027699433,-0.694525098395474,-0.104390264712643,-0.808370923640264
"aP9EtTGF",2.20384614698448,0.107406319943335,2.08474770860055,0.256891227564784,-0.83664038089017
"aV6EhtSL",-0.480181037140902,-0.288273649146893,-0.319292571619942,-0.693688132964951,-0.221235485531964
"aVZsXKoH",1.44083483818323,0.318229955836572,2.02148987486504,-0.0110068260937405,-0.681618299736622
"aYVnVJvc",-0.0309403017056811,0.102224039190274,0.331712936526632,0.245873753802141,-0.764921650407583
"abCzN1zx",-0.512318844390744,-0.726290047843394,-1.59463254042031,0.690536672698494,-0.924030407839706
"ae7sMiB4",-0.201491298491258,-0.0374595391089736,0.210280616838142,-0.212125114385633,0.0232320913091658
"afsVuCGV",-0.699213926591751,0.238757824101273,-0.436927662310403,0.214069033364549,0.363940394863829
"aiwBQETI",0.0160527938673619,-0.104438464840115,0.268087344381738,-0.316889515012426,-0.707820009798226
"aiyli4EI",2.05018207371415,1.14911541665946,1.83119679189412,0.836698405958415,-0.700679343285477
"apJ7NmzD",1.84095026027712,0.553566852448868,2.09057325010607,0.618546565990145,-0.582681518486539
"atVjNMtQ",-0.250478451076128,-0.224794964350796,-1.38183704012002,1.54913243685223,-1.5390314556469
"b5GirVGV",-0.602778458169499,-0.29406029443865,-0.388647136819435,-0.955206948946421,0.519594249034419
"b9SpMjNB",-0.127284686913018,0.374671675064732,0.224774972375704,0.0977412906668071,0.879490693553431
"bAFs37yy",-0.536273161469274,-0.0256625227647767,-0.294893402186241,-0.903328126736677,1.13719695056651
"bDia1hHV",-0.584939354122751,-0.187622328995878,-0.23932442887168,0.174523263697952,-0.787544726105308
"bFkv5Mtr",-0.120963917555214,0.381239080114079,0.513286382794693,0.0402010586470286,-0.205398073606144
"bHe2IXgA",-0.151668269702196,-0.141905124360298,-1.52879761884614,1.73076584746538,-1.41553704064882
"bWX3vUm5",-0.128528363457539,0.157045335957235,0.20909459037221,-0.0897686943538222,-0.494235459857723
"bat8tcGs",-0.161724969897314,-0.506168456146515,-0.386141378148373,-0.183629272963549,-1.39922274346489
"bfjej4wu",-0.286752193403012,-0.396095697939953,-0.369173007284812,-0.0816745053778326,-0.671665268331963
"bh04YDiP",-0.530364754673515,-0.213434512275781,-0.758878132234901,0.311513751141067,-0.0789414326763277
"c110Fdc8",-0.392879096250873,-0.0661231980083158,-0.0425174297230764,-0.562266920906541,0.27679600550436
"c32GUzMa",-0.230074824460443,-0.0481432537962325,-0.66337440828712,-0.0959053674296272,0.421027154044737
"cT6uU0B0",-0.495103091335582,-0.145931213825478,-0.666165137377556,-0.115584967535536,0.850506654316029
"cWXCiFwh",-0.707167619376671,-0.564438682322639,-0.705302011244376,-0.645793352648062,-0.470135474281193
"ceNvS3yd",-0.420178632185807,0.0169985755739516,-0.803267990155929,0.0322056740582655,-0.0621862413190058
"cmwdt4Av",1.28174991654032,0.195733800947762,1.54477954861272,0.602763981621245,-0.723598237183616
"cn4EHsup",-0.338067823233583,-0.448151514070567,-1.01172061432447,-0.0110501166081519,-0.589963216852757
"crVOGGTT",-0.346060898906705,0.0996411631660069,0.234972234322259,-0.890592796757131,1.06471869372765
"csPEJ1E5",-0.706846755900666,0.307188399453176,-0.384908392516154,-1.17617304349577,0.248746922288136
"d0UrRtMk",-0.533141503532055,-0.270396930136908,-0.375935126596606,-0.808525639772396,1.34226718853981
"d6LU4G4I",-0.566729059474284,0.520022463363197,-0.423659484991083,0.541798353574655,0.0210996488413265
"d74T1DVv",-0.499849664139642,-0.0336177031598684,-1.00878751022991,1.1293286520797,-0.777848730650016
"dR6rM1tQ",-0.179780719856453,-0.151941782620526,0.0820347844651273,-0.0747093226222626,-1.06901945712836
"dUNxOoqg",-0.247813365710606,-0.517090221798138,-0.613881853045395,0.0443215506283749,-0.599942189268009
"dUnlyhj7",0.176140899814703,-0.276514543145596,0.594163179924063,-0.387671486095482,-0.271190086734551
"dVDlnZQ6",-0.484571300722626,-0.149978107822372,-1.29975030873149,0.0365915326357016,-1.37593154933908
"dVT26GDu",-0.459139488059631,0.0360413254281388,0.139776374396817,-0.589722607355438,0.757653198522579
"de43ycXY",0.220568026806767,0.635816146452986,1.39510477715899,-1.10380995027817,0.110358849770004
"dfIn7m9z",-0.597725614586359,-0.471891272534196,-0.928978835094299,-0.0862961168057746,-0.173995864129222
"dhmb9ZY9",3.04615145248771,0.535622971879445,2.43503337074793,1.24888076104826,-1.08285388489583
"dn8kCuyf",-0.324666824958917,-0.240257334248011,-0.277230290329714,-0.460396936105328,0.147282014301262
"dpcquvWW",-0.657667887036533,-0.201377657044947,-0.39129118301925,-0.654922424880991,0.182342429864939
"dqcbIMyr",-0.475333991363315,-0.286609223863241,-0.805469114751458,-0.445373799989576,0.135404567409595
"drWgsBf5",-0.262698710682579,0.216229386406337,-0.555908158280183,0.332378823158778,-0.828552223334643
"dytx0HSe",-0.724863755704814,-0.151781976662363,-0.76533818864983,-0.901791004112863,1.17279606174019
"e4KkkIha",1.53029741166707,0.322132474571428,1.76221477079036,-0.0523374316967444,-0.7974112003755
"e9YorH4m",0.311231446135479,0.157706102275294,1.00472682698889,-1.37339050546046,0.496357123081523
"eB9gVQ0R",-0.0596848820906075,0.725063071692093,0.868578020910729,-0.881063109620777,0.926427706209898
"eMhLFqU6",-0.46737902812567,-0.152362584888769,-0.627105405624949,-0.273175595015043,0.248367566881288
"eMllg1qm",0.508058092288855,0.559538578731819,1.00571034571323,0.12961987289197,-0.522925335701631
"eNPunZ9i",-0.307117833839833,0.0968767077415046,-0.57231208642562,0.397654291533569,0.245986694557612
"eS5BSM4J",-0.484408193065518,-0.215347678385418,-0.292825660482697,-0.464973160139549,0.990218377778559
"eVGMFoOI",0.094821203098704,0.123993357801762,0.92418959382042,-1.19663537591356,0.587722431926065
"eaIwb3rG",-0.0100025856844587,0.617351381436247,0.925932900705135,-0.300303180241113,1.30395925133812
"eyzw8Vis",-0.163856616967336,0.255827095500811,0.340370761936044,-0.692356706432764,1.09002462726585
"f04Ke2bN",-0.386379544990216,-0.161004020708939,-0.76078343749435,0.276983627366846,0.13917458840902
"f4GA0te1",-0.454001318643222,-0.177116770963913,-0.058443625436208,-1.00120325390561,0.282835164240681
"f7bd91h5",-0.439511391573834,-0.15233735610474,-0.0334661009464365,-0.646637342823779,0.968719941106452
"fB7z9ndr",-0.121412634136547,0.439272046228337,0.758351977973394,-0.860316199764126,1.32552330340008
"fEe7AWFA",-0.310781814909442,-0.200015726993288,0.135393720346545,-0.079517354224163,-0.913981063243864
"fJJIbgY9",0.467039927109157,0.509345940670503,1.09991629870534,-0.298404590746448,-0.481310441220539
"fQBURMvg",-0.529997771014784,-0.0314805584449989,-0.339524642241517,-0.476854855464181,0.969112875165896
"fS0HpOub",-0.605766165927295,-0.094140353482935,-0.354110907010173,-0.700532700507607,0.698372183547595
"fTDXauuk",0.298340539538603,0.257517534593942,1.16201219318719,-0.941043042406408,-0.403938947373693
"favPNA2N",-0.16058329528483,0.220150437001066,-0.244041903231397,0.290890585013112,0.359490519454888
"g3Fv0U4k",-0.582150190837409,-0.13442583129567,-1.34550930462329,0.6376832587676,-0.744514586772627
"g5PKo2E2",0.233442288388912,0.128119179876754,0.813348998649365,-0.515593565375729,-0.683269043150939
"gbjnD5fe",-0.519326402692726,-0.400947208873543,-0.631549347654139,-0.750351892871054,0.573245195357972
"ge9zqXCv",-0.577442392072637,-0.511063600294618,-0.872552060290418,0.446364850475248,-1.24539966321339
"geeqJpSE",-0.496981144398797,-0.156602809309709,-0.139653326101591,-1.14938891880979,0.890372967209732
"gqy1J2RS",0.51636752674034,0.155758845721271,0.401402393709423,-0.306976112341253,-1.08824103430694
"grlUtS3H",-0.400908112670399,-0.279108610559851,-0.686980993493999,0.489992444097941,-0.563998731493818
"gx965KYj",-0.407189900315834,-0.139091784346941,-0.345370741074752,0.332888001737828,-0.627255197204009
"h3F08Vjm",-0.522358920307124,0.193165047460369,0.240341104931479,-1.06751765266703,1.19377422454044
"h6FQG8Iy",0.0310714294126068,0.442172140423755,0.928922558843917,-0.955523579748486,1.41128173560353
"h7ftM8b3",1.28237405779548,0.647148318996128,1.86294552195609,0.193496541885047,-0.845273328810603
"hLrCHXZv",-0.0965384986168405,0.170580349569701,0.461482075711037,0.069890040909634,-0.76886148434901
"hQ6VBuFx",-0.109906582054127,0.795981360954022,0.889509612048628,-0.660671453870947,0.960407856079054
"hYoR2y7w",-0.293092423127011,-0.0812223274544718,-0.402264620720996,0.240730516057037,-1.34054376286738
"hf65yZkM",0.100428500841007,0.244821058694156,0.55827079006061,1.04786867545541,-0.794398836146732
"hjuwe1x4",-0.392189903363903,0.105656538696108,0.0172768729893585,-0.235357571153164,0.553438637383841
"hyINlsFR",-0.221056806068196,0.445852905329779,0.300088103500392,-0.00836913993908024,0.634728656441812
"i0Qlm9Bv",-0.379738338368604,-0.0718988313143474,-0.0476415484742076,-0.42900000095344,0.947546429900204
"i1VxfxMb",-0.314421582536408,-0.0476159158809569,-0.0891972962676199,-0.500501748509051,1.04025710446435
"i2l6jXNP",-0.52037991748921,0.0469469345005528,-0.768196486130992,-0.104592210046994,0.120609018063631
"i4FgPZv7",-0.34863664328473,0.252559091846193,0.181726767525126,-1.10078377996557,1.26409220956349
"i7XtIkSi",-0.362801284600441,0.0376675780508409,-0.108846201583698,-0.0788676456189967,-0.133881129629244
"i9z346Ut",-0.147873678127942,-0.116835746397348,-0.653780803341869,0.817527532832293,-0.148429768030911
"iDOat4cZ",1.7875165965695,0.602245492715484,1.89355865159918,0.128109770574166,-0.697208554650138
"iNv6RoSO",-0.360545950976279,-0.077831116476233,-0.631479810201529,0.120512811619453,0.144287097493256
"iSL9NYzy",3.18627988365471,0.387373915686693,2.09603181476832,2.35679780129154,-0.837920570693659
"iSqVc1r8",0.0978863626289011,0.760795094180157,1.40420963133243,-0.935605785330248,0.0973277494363653
"iYZMftt6",-0.533764673170749,-0.387855457545891,-0.177531046521674,-0.4346938759914,-0.930018723337931
"ieTPaa3c",-0.471392335014684,-0.386829947400205,-0.896524268275336,-0.215557692816868,-0.0894523482261979
"if7BmzU0",-0.506468116633339,-0.0744316396702112,-0.25329531248688,-1.1659734293226,0.978360227704009
"ihNz5bmx",-0.521802556768168,0.029485395878285,-0.61440112975892,0.142255711151446,-0.1916630728139
"ikJXKdIN",-0.349560928430856,-0.433561793062633,-0.352390584099814,-0.763131948850219,0.229211452370943
"iq2kxikN",-0.0656116718832627,-0.164108478568653,-0.0245525123462101,-0.375820787997156,-0.741762443096952
"iuZEDJK7",-0.451290556571811,-0.0757846426802065,-0.0493819879949983,-1.16121163606076,0.906183502318997
"iyF8gVT7",-0.11726504100142,0.371310753925266,0.55276517982442,-0.95252852553358,1.13873113351149
"j06qdQ0V",-0.637822732248047,-0.0599929714259567,-0.429677904106532,-0.19802597451033,0.116421317810128
"j7hl8svO",-0.259096989628236,-0.280307031324714,-0.116474454670566,-0.0459961324596772,-0.791775229136077
"j8hMoJUN",-0.356989732867306,-0.457608197479029,-0.553061184481575,-0.470226898198693,-0.303918063343497
"jNaFasbV",-0.728949772681465,-0.258309646611515,-1.17636748298435,0.357967782934132,-0.498518789080594
"jVVHeYHT",-0.258094464483229,0.0205820711198512,0.29303129399694,-0.209207195905249,0.863186146833605
"jXm4ySvK",-0.429030682735432,0.112328232864089,-0.150885670719661,-0.250562882148294,0.711928262924292
"juO5ii5l",0.0552272147235674,-0.00030363128838715,0.45358995376719,-0.108040319458466,0.245420893319889
"k2hdEBsU",-0.500622880939731,-0.247712868906433,-0.221035482999932,-0.55881838382894,1.01140340623654
"k3ynMfhN",-0.0156828305003855,-0.0250954747203431,0.665271823984456,0.0815768250156227,0.177720846283619
"k9C9yBtr",-0.098105174637419,0.138725264771206,0.427513825286316,0.327699588087138,-0.644834405718108
"kAKRvcRo",-0.599088918807675,-0.258936895450284,-1.25207398669421,0.29508573433278,-1.16692996155832
"kBi3R2oC",-0.297001575675625,-0.00227337829439747,0.032125587469889,-0.241844841309494,-0.0344457955114747
"kDWmnsXe",-0.119929075058776,0.209726664006778,0.191734244056527,-0.35975335731325,0.296837914166224
"kSGBd2Vh",-0.472526198298932,-0.11922545447438,-0.0975193734538891,-1.07866571925142,0.828477222753806
"kT0miHPT",-0.695493774778186,-0.258988051901017,-0.515448659050107,-0.828387441500063,0.422891369941019
"kaW0TfRn",-0.616107720117405,-0.404552866779719,-0.503410762452395,-0.579297302902958,0.158540790372016
"kmg3SowO",-0.424969285488935,-0.351039716148008,-1.23041771136921,0.590589435866858,-0.525922496423501
"kpxKSlnF",2.32209553620033,0.414679881201094,1.73146673178309,1.23274633663845,-0.271809215172172
"ku2cn1MV",0.258486002393738,-0.11627692516477,1.27265388450431,-0.0135836433339211,-0.0072743617541885
"l1su5HU9",-0.412042992887673,0.0061206044424586,0.00170404335536837,-0.376022442580219,0.500637458105499
"l8Tg2RvD",-0.385758782091103,0.275450662548965,0.483104587004231,-0.275847482207355,1.02449270447391
"lB6NsVOc",-0.0934668004887846,-0.314028690699953,0.136979291845736,-1.11559774333326,1.04310022380915
"lEcdVyKk",-0.812814741331246,0.00702841090507715,-0.392172235945373,-0.516823190309607,1.26077866240794
"lH4TasGl",0.174460912431609,0.212198456859125,1.12958836062132,-0.903267186677976,-0.291602059501611
"lO9aggHW",-0.296447122786211,0.362884250192368,-0.030439780391556,0.702582520544929,0.230096324406543
"lW3m9Vzu",-0.499714669479692,0.0134928296705286,-0.680187514555475,-0.161845132617413,-0.150094544292828
"lYLseGDP",0.11517813718134,-0.431881155831973,-0.102765230766024,-0.413481011998423,-0.0364671226902092
"lcOnCdZi",-0.0809225242801996,0.165593828216224,0.942427257412655,-0.93470033706969,-0.112439190247161
"le9YGwON",-0.281684830852784,0.114872809893988,0.248594018954091,-0.0805442178069011,0.0141223825940154
"llMvu3TX",2.13342288227059,0.355639911827114,1.9305169810398,0.0776884445666502,-0.472857648287949
"lnHh2jFO",0.0890945358012811,0.359655357896898,1.39201154725093,-1.119705247689,0.270088324838388
"m07CVXd4",-0.0770150887067962,0.320078671257209,0.964006133724898,-1.6670928967259,1.6059248234799
"m1lPk91z",-0.457509097828465,-0.0818745061905786,0.257116636377792,-0.562346940562146,1.0735620970219
"m9IQdmwa",-0.599957930783335,-0.193214323469651,-0.40710831220027,-0.760591844792442,0.675601836875149
"mG9BRy5x",-0.428181760769529,0.150899636339519,-0.380359990184699,-0.102543842528528,0.5423923156682
"mVHXnama",-0.388049467022381,-0.399469892374838,-0.587678094522011,-0.0364550442726282,-0.656457906383139
"mXyrR6nU",-0.538769064171114,-0.070930750723067,-0.324266413766569,-0.507931577733157,0.628181336475977
"mbzNdxNc",-0.402968933472287,-0.0774113467515454,-0.549371522433515,0.284404356645303,-0.305894959666322
"mntH7g3L",0.00603874964624432,0.719282950020198,1.25859482886748,-0.873073560785778,0.238533751298802
"msRTXP3H",-0.315852596086191,0.154102928867617,-0.172117751471117,-0.00101074803711037,0.355769395462092
"mxBjvIPR",-0.649801180754519,-0.143824371320827,-0.525458047893157,-0.705842394220238,0.202865715924776
"n8Opmfbz",1.55530530886821,0.775567369076823,2.03050623401343,-0.0437351733301013,-0.284548949816698
"nOkgU29Q",-0.289455866685389,-0.291952973514328,-0.659565027628105,-0.0447972817367303,-0.646950748022593
"nhttf7VM",0.199814280299964,0.519785167049901,0.573323089515363,0.436330470035968,0.196082886024224
"njLbXYa3",-0.673836431808479,-0.449298811461872,-0.495669862201697,-0.727563647009999,-0.444541271475004
"nwkIpzmh",0.160742348043177,-0.0598568249689588,0.642270603672348,0.480301902455873,-0.0668725181563933
"nzB1R9Zg",0.254658090621964,0.109671371035422,1.18484603258458,-1.06878851154619,0.0803563354552575
"o1rZRI84",-0.690913928682933,-0.145068608968771,-0.508419074278816,-0.944151454733925,-0.353968128150133
"o7q5Mbty",-0.148283821740722,-0.256522960764048,0.0641713082573817,-0.198520482130069,-1.02310330064465
"oCBvysqB",-0.681934909734075,-0.60038863492073,-0.538510920214298,-0.798050544982249,-0.434452926840699
"oDmycTPH",-0.190778894195905,-0.443180056829356,-0.2311766975973,-0.856612070498123,0.615723398649001
"oFAXZvQv",-0.551315237061261,-0.328874300205607,-0.439850912070362,-0.394942914156816,0.0840785742082222
"oHE3M1zX",-0.264528537463327,0.315236671515876,-0.331407211183169,0.64479244292186,-0.0984016544313938
"oMhVmSpV",-0.824159923464952,-0.673735956498815,-0.771259830572357,-0.751350874986804,0.0614208645924598
"oNsDqVbi",0.219381889342227,0.604035084517627,1.03420840782594,-0.371826975769177,-0.142747520844845
"oYAJqQk8",-0.672133287015543,-0.523755026894567,-0.145270129788229,-0.99509431026786,0.28613904918953
"ob5Kb6dW",-0.800894345793358,0.0331414290244697,-0.424426238783703,-0.463422049958377,1.21572045487092
"obnzqs79",-0.395904029847014,-0.554872870183623,-0.433068928202958,-0.578178527105281,-0.112176708443559
"oncLcgRP",-0.542729224756434,-0.325311623209278,-0.876322464842792,0.124559891226309,-0.133519743952744
"ooWVYaAe",-0.403117620209643,-0.0860893215461276,-1.31402232468526,0.569224947488981,-1.40894162536299
"osdyOUnV",-0.307237190779102,0.0426207247922507,-0.636896938103147,0.292409764066132,0.170828358868667
"p7H9CzCv",-0.49144774315197,0.0771755239889578,-0.528688761076921,0.095747233829229,-0.400225047420376
"p7U9hVhY",-0.553928690109062,-0.051292092607213,-0.249413727965641,-0.687363445318842,0.675946193528147
"pE6Cf1RV",-0.0642581665433421,0.285306749397998,0.599561253841498,-0.882707076459364,0.952048697035741
"pI7qzotI",-0.240240468492152,0.447740383598388,0.454300398234508,-0.0395093923677748,-0.636596589611487
"pJrIA4sk",-0.606154802824933,-0.290937475939582,-0.331223197256305,-0.799408469492424,-0.166057233659251
"pXne2CLZ",-0.500723149161915,-0.182114187088336,-1.02019689084826,1.43972526139132,-1.32590350505108
"pZMcDIOS",-0.437264655273897,-0.209128712281321,-0.452674256715163,-0.773826532900894,0.599783323332115
"pavfp3cc",-0.142898265109757,0.266483597119284,0.413032315826706,0.169729384898368,-0.524106283320515
"pbQdC5L3",-0.520404238877541,-0.152918490539109,-0.249869244057732,-0.860339767166792,0.529315954513713
"pgj7aAFP",-0.582031808381034,-0.188338545355871,-0.459739664931077,-0.192288011293897,0.524482191746195
"pxg8G3ed",-0.215554187867141,0.325697569080046,0.39518136778093,-0.520041843010049,0.843140758076471
"q36Npk6l",-0.343403371395905,-0.540552294754507,-0.152175149064699,-0.710636550547829,0.445622096688694
"q4aDOVvq",0.528700452701184,0.216384255220565,0.498151249804312,0.170449879645172,-0.988667465930208
"qGmfR9CN",-0.166304833273922,-0.238873290485523,-0.331240010317824,0.394639392052256,-0.52448122977484
"qJ51ODpA",-0.307149822112721,-0.408859058935441,-1.30625449871531,0.781635119903373,-0.495505468663605
"qQX3cs3I",0.204225780301238,0.0310673044747293,0.53275922586166,-0.20886273687075,0.209505722720596
"qXeIxPb8",-0.432707485031522,0.0787859793108339,-0.108142656996874,-0.662969617482637,0.980850295356908
"qYQ4MShM",0.030707709190391,0.0308883054650875,0.0298344381847248,0.589555861281383,-0.958633827915477
"qa0etnhK",-0.338011135156438,-0.216774681185153,0.276685416260044,0.283073755108294,-0.810463610644766
"qbL4sboq",-0.162996715130344,0.369534980837324,-0.0347588178145898,-0.200442278140392,0.724639599282235
"qbYrsWHq",0.428944885256229,0.617191789586739,1.47045440737586,-0.255159779059364,0.0431696434350803
"r1zmcUqQ",0.418038207393212,0.100475754525702,0.698779221989273,-0.812025895625727,-0.591148143166355
"r54iHeQC",-0.407174467384799,-0.0327116022361138,-0.155747897903174,-0.836923553805362,0.785397447208684
"r6xrAnQV",3.11508960847893,0.639809810670965,2.10641525573807,0.551755149708156,-0.274986459033482
"r9HxnQDg",-0.295734760677461,0.0435762422877481,0.360633040653389,0.228111725819244,0.499600965125165
"rG8Puuf9",0.831732815773061,0.358216188133613,1.03341477819546,0.441948229079022,-0.783745577909501
"rGuiefuR",-0.352074924353755,-0.0959369392750912,-0.736813826888941,0.217836444917075,-0.805829594329673
"rJ19OhGP",-0.674668585472542,0.0291520650165582,-0.402016125631378,-0.484869935221311,1.25807923080845
"rOCYepHd",-0.0701628880877545,-0.210864356477838,0.59121248368939,0.0113274621770954,0.12745310081742
"rQJaOPFI",0.0405140923212659,0.217585436468204,0.294955922248115,-0.122380858854577,0.304636841149962
"rQhZtZeh",-0.0214352476281754,0.381169796268743,0.717326022497788,-0.776707316718591,0.812189564691192
"rapmok0w",-0.228202765154318,-0.37848785572431,-1.05060720349938,0.328928749585729,-0.536778011747351
"rgzfnPVu",-0.361593684403878,-0.103749394606701,0.498835784702388,-0.140054810996669,0.461996732254818
"ri4qhb1S",-0.662008771382957,-0.330588530348093,-0.374815337949257,-0.727963415945515,0.141154545774208
"rqpFYzff",-0.555914996359268,0.013215288038213,-0.279031425512518,-1.03772427378839,0.695814902846355
"rrs22coX",-0.246553590462085,0.229043550057092,0.275103754911638,-0.681038839774222,1.31520110202663
"sEeUCQLc",-0.701757479713004,0.0463312565326037,-0.493709416343173,-0.401981285184735,0.766310386292403
"sHScwqQl",-0.152391451316305,0.27980241702825,0.625070173135263,-1.22877801108562,1.39384132461056
"sNC7DiAt",-0.358924938653339,0.231239193299812,-0.234424674591101,-0.809874619073866,1.04701450077856
"sNK2TSs3",-0.287728574040434,0.395490238482445,0.475440241781714,-0.572586156140348,1.31009919030444
"sO7Su6uw",-0.513618536874323,-0.300618497156821,-1.07097044600486,-0.185159667128992,-0.0964650560614483
"sOWZx89o",-0.46544163394343,-0.143717900226612,-0.427525096517694,-1.10841691056302,0.862039452691306
"sPbRcPjC",-0.141138721124011,0.0220031143043641,0.156085207078084,0.11058789955527,-0.63499534744351
"scVUfTKI",0.563163472413417,1.26170703433309,0.601826433032547,0.692872832278439,-1.26875123340414
"seRaGeVv",-0.26397073714186,-0.0704609700420907,-0.0919251289972384,-0.344205571509769,0.504915356421968
"sgtwiYWi",-0.515216409056797,-0.442734111869701,-1.16022124880487,0.131933405244891,-0.664134832585612
"sjmLHcT6",-0.417937342952436,-0.331812073598848,-0.282139147463933,-0.67066359275656,0.163677996636308
"skZUZZGS",-0.497417022168365,0.380448987611688,-0.0439410736098806,-0.419457294306726,0.692853169174439
"suAmzADX",-0.448859659154034,0.211228027547182,-0.891222602785852,2.07759995300513,-0.829570371600879
"t4GWLqlO",0.106956154559016,-0.296923327706459,0.497583750160342,-0.0595447151815735,-0.626862360617621
"t7gy6Jyy",0.119651360173317,0.142334079641505,1.03030747772675,-1.61701647663989,-0.0570109327463992
"tBadzH60",1.88148133636554,0.459113781767635,2.17632405710913,0.344143409189614,-0.45841493072575
"tXUWm0hp",-0.438305149086584,-0.143505837754096,-0.733736275347132,0.597509552641101,-0.348806307500677
"te6UPPxf",-0.647237921343172,-0.58770595327493,-0.553113906705182,-0.520346172865561,-0.586867133909514
"ti2lamkL",-0.014706088984795,-0.102702007017442,0.492951231672657,0.354626606848024,-0.0196405897146425
"tr0lpwuU",-0.395843116213056,0.0999116989520334,-1.06154983549158,2.04743842511734,-1.29476968078009
"ttdB5C73",-0.24352789245828,-0.0552102921317542,-0.0852401827261719,-0.131962444257021,0.153717558960769
"twS8YZu9",-0.566309455979041,-0.193247002116994,-0.460781146412956,-0.708386053479941,0.0892317781409682
"tx68W34H",-0.592409448147742,-0.00362092888962666,-1.04493161772762,0.745379478602629,-0.461946235699094
"tyQSX4mY",-0.185793771668227,-0.377908023378117,0.247738829261844,-0.284333036799753,0.352727485095251
"tylKCRc0",-0.497656417354081,-0.0909247710411523,-0.376230533726864,-0.545299102165651,0.258101245773084
"u1544WUo",-0.537041686488657,-0.361459135607935,-0.440409621513281,-0.521558301707839,-0.027546035717576
"uAw9an0d",0.185380555671741,0.0884757121148977,0.517933154178205,-0.16265722450519,-0.501735831920032
"uLZAEXMG",1.99512305161723,0.331651151272679,1.95583060131211,0.72713433264161,-0.843843433174818
"uMwe1s7I",-0.641627375396543,-0.0751250325694995,-0.923131974131389,1.09101477932856,-0.920511170666217
"ufhGeV3q",-0.422823476104938,0.0200749212838311,-0.330011097092973,-0.832370516953218,0.405562485442245
"uhAeGBHo",-0.500404557971792,-0.0964701445416048,-0.72355058052881,-0.154910840487516,-0.471192792217618
"ujHNlqpw",1.16828583724883,0.886027371752075,1.63603834178342,-0.0646165660110761,-0.878341538475037
"ulV6kuhB",-0.408509186570477,0.0657720007150879,0.0199503071379744,-0.65762234182757,0.831882880529782
"uohEnNEK",-0.572138084795082,-0.187544141820975,-1.29811075321674,0.694153698194092,-1.12037223600344
"v1lhA8I4",-0.183458441260735,0.083292650052033,0.406446569521029,-1.29186227356312,1.53667292364289
"v3JzigLI",-0.537014845543135,-0.544851235752062,-0.234796637353937,-0.870895228438445,0.331777099589092
"v5IwjyIg",-0.435604054606233,-0.165215840548803,-0.648204025147332,-0.483776145131783,-0.946623061550576
"v6lp5TK1",-0.416704567186072,-0.262320003123342,0.138827467144934,-0.775898166507244,1.01634687851961
"v8vOaaWq",-0.365360707274991,-0.299704332594844,-1.05691387885026,0.383425254700689,-0.138269844778867
"vAYKtoil",-0.416243556962322,-0.278011528143699,-0.666894358817512,-0.409170650489545,-0.983677509729129
"vGTNQa6G",2.88659680383318,0.341677491439122,1.88508107824948,1.68293415907047,-0.3766545989333
"vQzNxHoL",-0.669811087880599,-0.665165162585954,-0.564342928611142,-0.830789604919517,-0.754070259203472
"vfZGBUJm",-0.577831411744618,-0.0881211742531025,-0.151670344713082,-0.408439534582131,-0.247963394610434
"vlooVUoT",-0.223253271409869,0.100364573738219,-0.360781293710949,0.337141902173221,-0.530421504749265
"vrACvd4O",-0.628454613864793,-0.335648225089719,-0.414597708156001,-0.509121925657243,-0.540824381328012
"w8hdjLwb",-0.450811113403831,-0.0154105676851326,0.116064133160659,-0.623094821433101,0.749115048709524
"wAntv4gH",0.128046748526886,0.593779407685518,1.45787105355694,-0.83515744365674,0.497359355140991
"wIUL09q0",-0.731467584731992,-0.607368403372123,-0.393788224467163,-0.649817016702623,0.144167859285943
"wOzx7Fgz",-0.632961611951721,-0.3244715046346,-0.425958552512121,-0.804076407600489,-0.143959455309115
"wPhjhCJQ",-0.662506373134677,-0.0453909396032531,-0.474584382609159,-0.472975142451816,1.21882309191178
"wQSWWmYB",-0.512709754433567,-0.161237973845909,-0.153289844138933,-0.408127544225908,0.226559007908164
"wdIMrXwy",1.75666422972843,0.51140444227781,1.89864225528648,0.117297371456692,-0.466262626890619
"wiL9npQc",-0.504643440262911,-0.168053247986803,-0.21111808402265,-1.08449034022619,0.803762236244675
"wnU95Cxn",1.64514118655427,0.355896470235828,1.72901079122882,-0.313011884989904,-0.846001917561434
"wpJbbjJs",0.218598346752223,0.472510720055582,0.616080383625915,0.267580575673932,0.0096129390981091
"wsOWTAbI",0.488726446084734,0.0267944286880573,0.521140545698567,0.680510264314731,-0.671829321988538
"wtdBcU3U",-0.650901385796701,-0.45188841488818,-0.067749343812882,-0.725304211689658,0.0272227284483571
"wuKXVxOc",-0.329821412505769,-0.254995804620708,-0.776586399445754,-0.430665452078294,0.437580643113249
"wyzadAt8",-0.617224405782859,-0.355557346104877,-0.879000257122681,-0.678251608012579,1.30988312013908
"wzaKzYwi",-0.161305771399653,-0.112057824300705,0.844804678829247,-1.94814789918389,0.689070102185368
"x6GCk4EV",-0.436226385413086,0.133961938047292,0.131759515109216,-0.928926809167068,0.907562976259228
"x6lUi3vf",-0.079838604905079,-0.0996958787480318,0.0100916012091015,0.390451431343348,-1.19669485783835
"x8mwDHv9",-0.703960086808223,-0.160495493950989,-0.371671163275448,-0.543564817075881,0.329544751315875
"xIYm6puH",0.467363122327003,0.844609668441662,0.847015829044339,0.421178508864813,-1.07331160491753
"xO6UdpsK",0.534948561886038,0.585195173539051,0.742307028328578,-0.456567799326261,-1.17749620175963
"xQ2bkOvj",-0.606783719046455,-0.228767793405596,-1.10809338476458,0.822674290633689,-1.21145799632064
"xeXyDCEQ",2.25780700288467,0.721817343205785,1.94895740058383,1.47647622825121,-0.880291249482206
"xrggHziO",-0.400102996523069,-0.295342957608281,-0.0329932731834862,-0.324049153812389,-0.0755671117653957
"y1WMCmqQ",-0.565301256353905,-0.0713515754090515,-0.847291854924606,-0.779518918082575,0.121154001191774
"yDngezhM",-0.417271193960951,-0.541257615982686,-0.294614821861554,-0.523464399154257,-0.376608920587246
"yLiFjMD0",-0.405713175775988,0.030176698239101,0.172806022848377,-1.13464816157653,1.12741271471771
"ySwEBO7w",-0.521240584940406,-0.491383924994247,-0.561697747260607,-0.319665027308857,-0.455782873884558
"ydC9UsSm",-0.324625943970703,-0.266948349742256,-1.21454801808055,0.822332996763389,-0.28895549080828
"ydEG4VBd",-0.430541963500974,-0.0993875799004239,-0.541806621048782,-0.289070335555349,0.2346387016656
"yf76yWXc",-0.0196329963598598,0.832898342629692,1.17287026067351,-0.986354327635058,-0.00643027353089265
"yg70e63n",-0.331934645307868,-0.0764542757312484,-0.172003674439565,-0.0240510826607756,-0.025433059004331
"ywxtlSKv",-0.622280044653502,-0.181342210111833,-0.938717794341711,-0.655782708944211,-0.300725306784871
"yzKPQPOR",-0.741126430473185,-0.32672780436771,-0.935300977621447,0.471380550524629,-0.897024153219751
"z5cnOnZ1",-0.716558236894252,-0.53548956258093,-0.621497940992154,-0.681221975588983,-0.592204087366033
"zFLkOE0e",0.122426213385913,0.276391826697306,0.591003651581395,0.392678920722738,-0.781023298670411
"zGi72mxL",-0.641207300500187,-0.513382816421711,-0.555286284004713,-0.0887018672372513,-1.05074673432344
"zN925UV3",-0.247928994957533,-0.198294592175697,-0.278935726422214,0.296253288826747,-0.583887957284292
"zTy2ih7e",-0.399798260600906,-0.297730769929851,-0.607627334761534,-0.803605400125429,0.438413659684152
"zVFzAutw",-0.336994403550634,0.1374835840887,0.126169872931437,-0.385067437211059,0.869931546710655
"zYxNAkht",-0.40389786549206,-0.401361287176484,-0.400706394241043,-0.51374294090626,0.316344261202415
"zaWDBai3",0.0415184806613959,0.393250342580909,0.391746903285751,-0.479039819591933,0.898051603041991
"zg3u0Zsx",-0.311625401655493,0.104486043801731,0.0252868241588427,-0.0756442097109985,0.0806392923234975
"zlwLfdsS",-0.570983576833562,0.024865949939245,-1.15543543745646,1.31221211340941,-0.967048823982676
"zmbKzVfl",-0.394620091814068,-0.138893262773313,-0.83868671058086,0.015783132523943,-0.002741423525296
